{"cameraMode":{"drawMode":0,"name":"Shaded","section":"Shading Mode"},"sceneLighting":true,"audioPlay":false,"sceneViewState":{"showFog":true,"showMaterialUpdate":true,"showSkybox":true,"showFlares":true,"showImageEffects":true,"showParticleSystems":true},"in2DMode":false,"pivot":{"x":-7.338917255401611,"y":-0.5758941769599915,"z":-5.039489269256592},"rotation":{"x":0.24171778559684754,"y":0.6368265151977539,"z":-0.22048695385456086,"w":0.6981484889984131},"size":0.2532622814178467,"orthographic":false}